{"cameraMode":{"drawMode":0,"name":"Shaded","section":"Shading Mode"},"sceneLighting":true,"audioPlay":false,"sceneViewState":{"m_AlwaysRefresh":false,"showFog":true,"showSkybox":true,"showFlares":true,"showImageEffects":true,"showParticleSystems":true,"showVisualEffectGraphs":true,"m_FxEnabled":true},"in2DMode":false,"pivot":{"x":-6.066869735717773,"y":4.032827377319336,"z":-1.4615024328231812},"rotation":{"x":0.04913116618990898,"y":0.2865140438079834,"z":-0.014706550166010857,"w":0.9566587805747986},"size":1.2869962453842164,"orthographic":false}